259; 12%, 15%, —, 4%, 1%, 17%, 2%, 21%, 12%, 5%, —, Other 1% Other/Not Sure 10%, 
202; 16%, 7%, 8%, 6%, —, 1%, 8%, 2%, 1%, 6%, 1%, 5%, 2%, 18%, Other 1% Wouldn't vote 2% Undecided 17%, 
145; 10%, 5%, 4%, 4%, 1%, 0%, 1%, 7%, 1%, 4%, 0%, 5%, 2%, 6%, 2%, 21%, 8%, Uncommitted 6% Not sure 12%, 
130; 9%, 11%, 2%, 7%, 3%, 0%, 0%, 7%, 0%, 3%, 0%, 3%, 2%, 7%, 1%, 16%, 5%, Undecided: 24%, 
26; 7%, 11%, 3%, 14%, 3%, 0%, 1%, 5%, 2%, 0%, 3%, 10%, 0%, 36%, Wouldn't vote 6%, 
258; 10%, 14%, —, 3%, —, 15%, —, 19%, 17%, —, 2%, Bob McDonnell 1% Other 1% Other/Not Sure 18%, 
214b;  14%, 11%, 9%, 7%, 10%, 1%, 3%, 8%, 5%, —, 3%, 9%, 2%, 5%, Mike Pence 1% Rob Portman 0% Other 6% None/No one 2% Undecided 4%, 
203; 13%, 8%, 9%, 6%, —, —, 7%, 3%, 1%, 9%, 3%, 5%, 2%, 10%, Others/No preference 26%, 
144; 15%, 7%, 3%, 6%, 2%, 0%, 0%, 6%, 1%, 3%, 0%, 5%, 1%, 5%, 2%, 26%, 9%, Other 1% None of the above 1% Don't know 7%, 
131; 9%, 11%, 3%, 7%, 6%, 1%, 0%, 3%, 1%, 4%, 0%, 0%, 3%, 9%, 1%, 25%, 9%, Other 1% Undecided 7%, 
27; 7%, 10%, 3%, 9%, 3%, —, 1%, 3%, 2%, 1%, 3%, 7%, 1%, 40%, Someone Else 1% Don't Know 11%, 
200; 16%, 9%, 7%, 4%, 0%, 1%, 10%, 1%, 2%, 12%, 4%, 7%, 1%, 13%, Other 4% None/No one 6% No opinion 3%, 
147; 13%, 6%, 3%, 6%, 0%, 1%, 0%, 8%, 2%, 1%, 1%, 4%, 2%, 6%, 1%, 24%, 10%, Someone Else 1% None of them 3% Don't know/No answer 9%, 
132; 12%, 7%, 4%, 5%, 4%, —, 1%, 6%, 1%, 3%, 0%, 4%, 2%, 6%, 1%, 32%, 3%, Other 0% Undecided 11%, 
24; 7%, 6%, 5%, 18%, 4%, 0%, 1%, 4%, 2%, 0%, 2%, 13%, 1%, 34%, Undecided 2%, 
201; 19%, 9%, 6%, 4%, 2%, 1%, 10%, —, —, 7%, 3%, 5%, 2%, 18%, Undecided 13%, 
146; 12%, 5%, 4%, 6%, 2%, 0%, 1%, 6%, 1%, 3%, 0%, 4%, 2%, 4%, 1%, 26%, 11%, Undecided/No one 11%, 
133; 13%, 8%, 4%, 5%, 5%, 0%, 0%, 4%, 0%, 5%, 0%, 6%, 2%, 7%, 1%, 24%, 7%, Someone else 4% None/No One 5% No opinion 1%, 
98; 8%, 13%, 1%, 6%, 13%, —, 1%, 2%, 1%, 2%, 0%, 2%, 9%, 0%, 23%, Other 1% Undecided 18%, 
25; 7%, 12%, 2%, 11%, 2%, —, —, —, —, —, 3%, 9%, —, 36%, Someone else 7% Don't Know 11%, 
206; 10%, 9%, 4%, 4%, 1%, 11%, 2%, 1%, 11%, 4%, 21%, 5%, 1%, 8%, Other 1% None 4% Undecided 5%, 
178; 15%, 6%, 2%, 7%, 5%, 1%, 9%, 1%, 3%, 0%, 10%, 2%, 8%, 3%, —, 12%, Other 2% No preference 14%, 
141; 17%, 6%, 2%, 6%, 2%, 0%, 0%, 5%, 1%, 1%, 2%, 5%, 2%, 4%, 1%, 25%, 9%, Not Sure/Someone Else 12%, 
134; 9%, 12%, 3%, 10%, 5%, 0%, 0%, 6%, 1%, 4%, 1%, 3%, 1%, 4%, 1%, 25%, 6%, Other 0% None of the above 2% Don't know 7%, 
22; 4%, 10%, 6%, 24%, 2%, 0%, 0%, 1%, 1%, 0%, 2%, 12%, 1%, 28%, Someone Else 0% Wouldn't Vote 0% DK/NA 8%, 
207; 17%, 15%, 7%, 9%, —, 9%, —, —, 4%, 2%, 21%, —, —, 11%, Other/Undecided 5%, 
179; 13%, 7%, 4%, 8%, 1%, 1%, 10%, 1%, 1%, 3%, 8%, 5%, 14%, 2%, 3%, 10%, Someone else 5% None/No one 2% No opinion 1%, 
140; 16%, 5%, 3%, 6%, 1%, —, 3%, 5%, 1%, 3%, 0%, 7%, 4%, 4%, 2%, 24%, 12%, Wouldn't vote 6%, 
135; 12%, 8%, 3%, 5%, 6%, —, 2%, 7%, 2%, 1%, 1%, 6%, 2%, 8%, 1%, 21%, 5%, Wouldn't vote: 10%, 
23; 3%, 9%, 3%, 18%, 3%, 0%, 0%, 1%, 2%, 0%, 3%, 11%, 1%, 39%, Other 0% Someone else 1% Don't Know 6%, 
204; 17%, 18%, 5%, 5%, —, —, 10%, —, —, 4%, 3%, 3%, —, 25%, Other/Undecided 11%, 
143; 12%, 7%, 3%, 7%, 1%, —, 0%, 5%, 3%, 2%, 1%, 3%, 5%, 6%, 2%, 25%, 8%, Undecided 10%, 
136; 10%, 8%, 4%, 7%, 9%, 1%, 1%, 3%, 1%, 4%, 0%, 4%, 1%, 10%, 1%, 17%, 9%, Undecided 11%, 
20; 3%, 10%, 5%, 18%, 1%, 0%, 1%, 2%, 2%, 0%, 4%, 10%, 0%, 39%, Undecided/ Someone Else 5%, 
205; 12%, 9%, 7%, 3%, 1%, 1%, 17%, 1%, 2%, 11%, 2%, 6%, 2%, 11%, Other 3% None/No one 7% No opinion 3%, 
142; 12%, 6%, 4%, 6%, 2%, 0%, 1%, 3%, 3%, 1%, 0%, 6%, 2%, 8%, 0%, 26%, 14%, Other 0% No preference 4%, 
137; 12%, 8%, 1%, 5%, 6%, —, 3%, 8%, 1%, 4%, 0%, 3%, 1%, 8%, 1%, 24%, 7%, Wouldn't vote 8%, 
21; 6%, 7%, 6%, 21%, 5%, —, 0%, 1%, 3%, —, 1%, 13%, —, 36%, Undecided 1% Other 1%, 
251; 11%, 14%, 20%, —, 4%, 17%, —, 10%, 10%, 3%, 3%, Other/Not sure 9%, 
174; 9%, 11%, 4%, 5%, 2%, 2%, 8%, 1%, 1%, 0%, 6%, 4%, 9%, 3%, 2%, 10%, Other 0% No one 2% Undecided 20%, 
138; 11%, 9%, 4%, 4%, 3%, —, 1%, 4%, 1%, 3%, 0%, 5%, 1%, 6%, 1%, 32%, 6%, Other 1% Undecided 8%, 
93; 7%, 22%, 3%, 5%, 7%, 0%, —, 6%, 1%, 1%, 0%, 4%, 8%, —, 26%, Other 1% Would not vote 1% Don't know 8%, 
250; 11%, 13%, 10%, 3%, —, 17%, —, 12%, 10%, —, 4%, Don't know 20%, 
175; 12%, 10%, 7%, 8%, 2%, 3%, 12%, —, —, 3%, 8%, —, 8%, 5%, 4%, 10%, Wouldn't vote 9%, 
139; 7%, 11%, 1%, 13%, 8%, —, 1%, 5%, 1%, 2%, 0%, 5%, 2%, 8%, 0%, 23%, 7%, , 
92; 7%, 13%, 4%, 5%, 6%, —, 1%, 2%, 0%, 4%, 1%, 3%, 10%, 1%, 31%, Other 2% Undecided 10%, 
253; 16%, 21%, —, —, —, 15%, —, 18%, 13%, —, 6%, Other 3% Not Sure 8%, 
208; 13%, 12%, 7%, —, —, —, —, —, 7%, 5%, 24%, 5%, —, 11%, Other 4% Undecided 12%, 
176; 8%, 10%, 5%, 7%, 7%, 5%, 7%, 1%, 2%, 0%, 9%, 2%, 10%, 4%, —, 7%, Other 2% No preference 14%, 
91; 14%, 17%, 3%, 4%, 7%, 0%, 0%, 4%, 0%, 1%, 0%, 4%, 7%, 0%, 31%, Wouldn't vote 7%, 
252; 10%, 17%, 7%, —, —, 13%, 6%, 9%, 16%, 5%, —, Other 6% None/no-one 4% Not sure 6%, 
209; 12%, 10%, 3%, 9%, 0%, 8%, —, —, 8%, 2%, 28%, 2%, —, 6%, Paul Ryan 3% Other 3% No preference 6%, 
177; 12%, 11%, 5%, 8%, 2%, 2%, 6%, 1%, 2%, 2%, 9%, 4%, 7%, 2%, 4%, 12%, Other 1% None of the above 2% Don't know 10%, 
90; 6%, 21%, 3%, 9%, 6%, —, —, 2%, 0%, 2%, 0%, 4%, 8%, 1%, 27%, Don't know 11%, 
255; 10%, 15%, 7%, 1%, 1%, 9%, 4%, 12%, 13%, 2%, 2%, Other/Not Sure 25%, 
170; 10%, 10%, 2%, 9%, 3%, 2%, 6%, 0%, 2%, 0%, 11%, 2%, 11%, 2%, 11%, 10%, Other 1% No preference 8%, 
149; 13%, 6%, 3%, 6%, 2%, —, 1%, 6%, 0%, 5%, 0%, 4%, 3%, 5%, 2%, 31%, 13%, , 
97; 10%, 12%, 5%, 5%, 8%, 1%, 0%, 3%, 1%, 1%, 0%, 7%, 7%, 2%, 32%, Wouldn't vote 6%, 
254; 13%, 13%, 12%, 4%, 2%, 16%, —, 10%, 13%, 4%, —, Other/Not Sure 13%, 
171; 22%, 11%, 4%, 4%, 2%, 1%, 9%, 0%, 1%, 0%, 7%, 5%, 14%, 0%, 1%, 17%, None 0% Other 1% Not Sure 1%, 
148; 14%, 10%, 3%, 9%, 0%, 0%, 0%, 6%, 1%, 3%, 0%, 6%, 3%, 5%, 1%, 19%, 15%, , 
96; 8%, 24%, 2%, 6%, 9%, 0%, 0%, 2%, 1%, 4%, 0%, 3%, 11%, 0%, 17%, Undecided 9%, 
257; 16%, 14%, —, —, —, —, —, 18%, —, 9%, —, Other 21% Not sure 22%, 
172; 14%, 9%, 4%, 3%, 6%, 0%, 7%, 1%, 4%, 0%, 9%, 7%, 10%, 3%, 2%, 9%, Other 1% No preference 11%, 
95; 7%, 17%, 2%, 7%, 9%, —, 0%, 5%, 0%, 3%, 0%, 3%, 11%, 1%, 35%, , 
28; 5%, 12%, 4%, 15%, 1%, —, 1%, 1%, 2%, 0%, 2%, 12%, 0%, 38%, Other 2% None of these 2% Would not vote 0% No Opinion4%, 
256; 15%, 15%, 7%, 3%, 1%, 14%, —, 16%, 9%, 5%, —, Other/Not Sure 15%, 
173; 15%, 12%, 4%, 8%, 5%, —, 12%, —, —, —, 8%, —, 13%, —, —, 17%, Someone else/ Undecided 9%, 
94; 10%, 17%, 2%, 7%, 6%, 0%, 1%, 4%, 1%, 4%, 1%, 2%, 13%, 2%, 27%, Undecided 3%, 
29; 3%, 9%, 2%, 14%, 2%, 0%, 1%, 2%, 3%, 1%, 2%, 10%, 0%, 41%, Other 0% No One 2% Undecided 6%, 
246; —, 32%, —, —, —, —, —, —, —, —, Another Republican 31% Wouldn't vote 1% Don't know 35%, 
152; 15%, 5%, 2%, 8%, 3%, —, 0%, 6%, 0%, 2%, 0%, 4%, 0%, 4%, 1%, 31%, 13%, Other 0% Undecided 7%, 
109; 6%, 12%, 6%, 7%, 10%, 0%, 1%, 2%, 1%, 4%, 1%, 2%, 9%, 1%, 36%, 1%, , 
88; 7%, 18%, 3%, 8%, 9%, 0%, 1%, 3%, 1%, 3%, 0%, 3%, 11%, 0%, 28%, Other 0% No preference 3%, 
13; 8%, 11%, 3%, 14%, 1%, 0%, 2%, 1%, 3%, 8%, 0%, 42%, Wouldn't vote 7%, 
247; 12%, 22%, 12%, —, 20%, —, 16%, —, —, 5%, Don't know 13%, 
153; 10%, 6%, 3%, 5%, 1%, 0%, 1%, 6%, 2%, 5%, 1%, 6%, 2%, 6%, 1%, 20%, 13%, Someone else 0% Wouldn't vote 1% DK/NA 12%, 
108; 8%, 14%, 3%, 7%, 11%, 0%, 0%, 2%, 0%, 2%, 1%, 3%, 7%, 0%, 29%, 3%, No one 1% Don't know 6% Someone else 2%, 
89; 9%, 20%, 2%, 5%, 5%, —, 1%, 4%, 0%, 3%, 1%, 3%, 5%, 1%, 34%, Other/Undecided 8%, 
12; 4%, 10%, 2%, 20%, 3%, 0%, 1%, 2%, 2%, 13%, 0%, 35%, Don’t know 6% Others 2%, 
244; 10%, 18%, 10%, —, 12%, 3%, 7%, 11%, 4%, 4%, Sarah Palin 8% Undecided 13%, 
150; 10%, 5%, 2%, 7%, 1%, —, 1%, 7%, 2%, 5%, 1%, 3%, 2%, 5%, 2%, 26%, 14%, Not Sure 7%, 
11; 4%, 8%, 4%, 18%, 2%, 0%, 1%, 2%, 3%, 9%, 0%, 34%, Don't know 11%, 
245; 6%, 24%, 10%, —, 13%, 7%, 9%, 11%, 6%, —, Other 6% None/No-one 2% No opinion 6%, 
234b;  12%, —, 6%, 15%, —, 1%, 11%, 3%, 15%, 13%, 4%, 8%, Undecided 14%, 
151; 11%, 6%, 4%, 3%, 2%, —, 2%, 5%, 2%, 4%, 2%, 7%, 3%, 5%, 2%, 27%, 7%, Wouldn't vote 8%, 
10; 3%, 9%, 3%, 20%, 2%, 0%, 2%, 2%, 3%, 11%, 0%, 38%, Don't know 5%, 
242; —, 18%, 14%, —, 15%, —, 11%, —, —, 4%, Other 16% Don't know 21%, 
217b;  13%, 7%, 8%, 4%, 12%, 2%, 2%, 12%, 6%, —, 8%, 9%, 4%, 2%, Other 1% None 3% No opinion 9%, 
156; 12%, 10%, 3%, 4%, 4%, 0%, 0%, 8%, 1%, 3%, 0%, 4%, 1%, 10%, 1%, 19%, 17%, Undecided 2%, 
17; 6%, 9%, 5%, 23%, 2%, —, —, 4%, —, —, 10%, —, 38%, Other 3%, 
243; 11%, 17%, 13%, 3%, 14%, —, 7%, 9%, —, 5%, John Kasich 2% Other 2% Wouldn't vote 1% Don't know 17%, 
157; 14%, 7%, 4%, 3%, 3%, 2%, 3%, 1%, 2%, 0%, 5%, 2%, 4%, 1%, 28%, 13%, Other 0% Undecided 8%, 
16; 6%, 12%, 2%, 14%, 1%, 0%, 2%, 1%, 0%, 3%, 12%, 1%, 39%, Wouldn't vote 6%, 
240; 12%, 16%, 12%, —, 11%, 3%, 8%, 12%, 3%, 6%, Other 1% None 5% Don't know 11%, 
198; 17%, 10%, 4%, 16%, —, —, 6%, —, —, 10%, 3%, 6%, —, 20%, Undecided 8%, 
154; 15%, 4%, 4%, 7%, 1%, 0%, 1%, 5%, 2%, 4%, 1%, 6%, 3%, 6%, 2%, 18%, 10%, Someone else 4% None/No One 4% No Opinion 3%, 
59; 3%, 18%, 3%, 10%, 3%, 1%, 1%, 4%, 2%, 4%, 0%, 4%, 13%, 1%, 32%, Other 0%, 
15; 6%, 9%, 4%, 18%, 3%, 0%, 2%, 2%, 2%, 13%, 1%, 35%, Don't know 6% No Answer 1%, 
241b;  12%, 23%, 15%, 4%, 12%, —, 8%, 11%, —, 6%, Other/Not Sure 10%, 
241; 10%, 19%, 14%, 3%, 11%, —, 7%, 10%, —, 4%, Mike Huckabee 13% Other/Not Sure 10%, 
199; 14%, 10%, 6%, 8%, 3%, 1%, 5%, 2%, 2%, 5%, 5%, 5%, 1%, 19%, Other 2% No preference 11%, 
155; 18%, 6%, 6%, 6%, 1%, —, 2%, 4%, 2%, 3%, 1%, 4%, 5%, 2%, 3%, 17%, 10%, Wouldn't vote 10%, 
58; 8%, 22%, 3%, 10%, 2%, —, —, 6%, —, 3%, —, 0%, 9%, —, 20%, Other/Don't Know 12%, 
14; 4%, 6%, 4%, 19%, 3%, 0%, 2%, 4%, 5%, 13%, 1%, 36%, Don't know 2%, 
248b;  14%, 16%, 15%, 6%, 16%, —, 10%, 11%, 5%, —, Other/Not Sure 8%, 
196; 12%, 11%, 4%, 10%, 1%, 0%, 10%, 2%, 1%, 9%, 3%, 8%, 2%, 15%, Donald Trump 3% George Pataki 1% Other 1% None 4% Don't know 6%, 
101; 7%, 20%, 3%, 5%, 11%, 0%, 0%, 2%, 1%, 6%, 0%, 3%, 11%, 1%, 21%, Other 1% None 2% Not Sure 6%, 
80; 5%, 18%, 3%, 10%, 6%, 0%, 1%, 4%, 1%, 1%, 0%, 4%, 6%, 0%, 28%, No one 3% Undecided 9%, 
57; 6%, 17%, 1%, 10%, 5%, 0%, 1%, 4%, 1%, 1%, 0%, 3%, 10%, 2%, 33%, Wouldn't vote 5%, 
197; 21%, 6%, 7%, 12%, 1%, 1%, 8%, 1%, 1%, 8%, 1%, 8%, 2%, 13%, Other/ None of these/ Wouldn't vote/ No opinion 12%, 
100; 10%, 15%, 4%, 5%, 9%, —, 0%, 3%, 0%, 1%, 1%, 3%, 9%, 1%, 30%, Undecided 9%, 
81; 7%, 22%, 3%, 6%, 5%, —, 1%, 3%, 0%, 2%, 1%, 2%, 10%, 0%, 32%, Other 1% None of these 1% No opinion 0% Would not vote 2%, 
56; 8%, 20%, —, 13%, 4%, —, —, —, —, —, —, —, 16%, —, 27%, Other 7% Undecided 5%, 
194; 12%, 7%, 4%, 13%, 3%, 2%, 4%, 1%, 2%, 13%, 4%, 7%, 2%, 14%, Other 2% No preference 12%, 
158; 15%, 8%, 4%, 4%, 2%, —, 7%, —, —, —, 5%, —, 6%, —, 22%, 12%, Someone Else 3% Don't Know 12%, 
103; 7%, 18%, 5%, 8%, 9%, 0%, 0%, 3%, 0%, 4%, 1%, 2%, 9%, 0%, 26%, Other 3% None of the above 1% Don't know 4%, 
82; 8%, 23%, 2%, 6%, 6%, —, —, 4%, —, 3%, —, 0%, 14%, 0%, 32%, Other 0% Undecided 2%, 
55; 3%, 22%, 2%, 13%, 4%, 0%, &lt;1%, 1%, 1%, 4%, 0%, 4%, 9%, &lt;1%, 31%, , 
19; 5%, 7%, 3%, 19%, 3%, 0%, 0%, 1%, 3%, 0%, 6%, 14%, 1%, 35%, Others 1% No Preference 2%, 
195; 13%, 7%, 5%, 11%, 1%, 1%, 9%, 1%, 1%, 6%, 5%, 5%, 1%, 11%, Donald Trump 7% George Pataki 0% John R. Bolton 0% Other 1% No one 2% Undecided 12%, 
159; 12%, 6%, 3%, 4%, 0%, 0%, 8%, 2%, 2%, 1%, 6%, 4%, 7%, 1%, 24%, 13%, Other 0% None of these 4% Would not vote 1% No opinion 2%, 
102; 10%, 18%, 3%, 5%, 8%, 2%, 1%, 3%, 1%, 3%, 0%, 2%, 6%, 1%, 30%, Scott Walker 2% Wouldn't vote 5%, 
83; 8%, 22%, 1%, 9%, 7%, 0%, 0%, 3%, 0%, 3%, 0%, 2%, 13%, 0%, 25%, Other 1% Undecided 5% None 1%, 
54; 4%, 23%, 1%, 7%, 3%, 0%, 1%, 3%, 0%, 2%, 0%, 2%, 10%, 0%, 42%, Wouldn't vote 1%, 
18; 7%, 10%, 3%, 13%, 2%, 0%, 3%, 2%, 0%, 2%, 9%, 3%, 39%, Wouldn't vote 6%, 
192; 13%, 10%, 6%, 11%, 1%, 0%, 5%, 2%, 1%, 11%, 2%, 9%, 1%, 15%, Other 3% No preference 10%, 
105; 13%, 16%, 4%, 5%, 11%, 0%, 0%, 3%, 1%, 4%, 0%, 2%, 8%, 1%, 21%, 1%, Uncommitted 5% Not sure 5%, 
84; 8%, 22%, 4%, 4%, 4%, 0%, 1%, 5%, 0%, 3%, 0%, 5%, 8%, 2%, 27%, Other 1% Undecided 4% None 2%, 
53; 6%, 19%, 2%, 7%, 3%, —, 1%, 3%, 0%, 1%, 0%, 2%, 7%, 0%, 38%, Other 2%, undecided 9%, 
193; 17%, 4%, 4%, 7%, 2%, 2%, 9%, 2%, 2%, 11%, 3%, 11%, 3%, 12%, George Pataki 0% Other 5% None/No one 5% No opinion 2%, 
104; 10%, 17%, 2%, 7%, 12%, 0%, 0%, 2%, 0%, 2%, 1%, 1%, 9%, 0%, 25%, Don't know 9% Someone else 1% Wouldn't vote 4%, 
85; 5%, 23%, 2%, 6%, 6%, 0%, 0%, 3%, 1%, 3%, 0%, 2%, 9%, 0%, 28%, No Answer 2% Other 2% Undecided 7%, 
52; 4%, 18%, 3%, 18%, 3%, 0%, 0%, 2%, 1%, 2%, 0%, 2%, 11%, 1%, 28%, No Answer 1% Other 2% Undecided 6%, 
248; 12%, 15%, 14%, 5%, 13%, —, 9%, 9%, 4%, —, Sarah Palin 7% Other/Not Sure 12%, 
190; 9%, 6%, 6%, 8%, 0%, 1%, 9%, 1%, 2%, 10%, 2%, 13%, 1%, 12%, Donald Trump 5% George Pataki 1% Other 1% None 3% Don't know 9%, 
107; 9%, 14%, 3%, 6%, 15%, 0%, 0%, 6%, 0%, 2%, 0%, 4%, 11%, 1%, 24%, 0%, No one 1% No opinion 3% Someone else 0%, 
86; 11%, 19%, 3%, 4%, 3%, 1%, 0%, 3%, 1%, 2%, 0%, 4%, 8%, 1%, 33%, Wouldn't Vote 7%, 
51; 6%, 20%, 4%, 9%, 3%, —, 1%, 3%, —, 3%, 1%, 3%, 12%, 1%, 24%, Not Sure 1% Uncommited 5%, 
249; 11%, 11%, 7%, 1%, 0%, 10%, 2%, 4%, 9%, 3%, 2%, Allen West 1% Ben Carson 1% Mitch Daniels 1% John Kasich 1% Rob Portman 1% Jim DeMint 0% Bob McDonnell 0% Nikki Haley 0% John Thune 0% Don't know 28.3%, 
191; 13%, 3%, 7%, 9%, 1%, 2%, 7%, 1%, 2%, 8%, 3%, 15%, 2%, 11%, Other 1% Wouldn't vote 1% Don't know 14%, 
106; 9%, 13%, 3%, 5%, 7%, 0%, 0%, 2%, 0%, 4%, 0%, 4%, 4%, 0%, 33%, 2%, , 
87; 8%, 23%, 1%, 10%, 5%, 0%, 0%, 5%, 1%, 1%, 1%, 3%, 9%, 0%, 24%, Other 1% None of the above 1% Don't know 7%, 
50; 5%, 19%, 3%, 14%, 4%, 0%, 1%, 4%, 0%, 3%, 1%, 2%, 13%, 0%, 26%, Undecided 2%, 
213b;  16%, 8%, 10%, 5%, 12%, 1%, 3%, 6%, 5%, —, 3%, 7%, 3%, 3%, Carly Fiorina 1% Undecided 18%, 
116; 8%, 20%, 1%, 7%, 2%, 0%, 0%, 3%, 1%, 3%, 0%, 5%, 1%, 7%, 1%, 33%, 2%, Wouldn't vote 1% None of these 1% Other 1% No opinion 3%, 
75; 8%, 22%, 2%, 6%, 6%, —, 2%, 3%, 0%, 3%, 0%, 2%, 11%, 1%, 36%, , 
117; 8%, 12%, 3%, 6%, 2%, 0%, 1%, 5%, 2%, 3%, 0%, 3%, 2%, 4%, 2%, 35%, 6%, Wouldn't vote 8%, 
74; 8%, 18%, 2%, 8%, 3%, 0%, 1%, 2%, 1%, 4%, 0%, 4%, 11%, 1%, 32%, Other 0% Undecided 3%, 
114; 9%, 17%, 2%, 6%, 3%, —, 0%, 3%, 1%, 2%, 2%, 5%, —, 3%, 1%, 33%, 2%, Other 1% Undecided 10%, 
77; 7%, 26%, 1%, 4%, 7%, 0%, 2%, 4%, 0%, 4%, 0%, 4%, 8%, 1%, 22%, Someone Else &lt;1% None of them 3% Don't know/No answer 6%, 
115; 6%, 23%, 1%, 5%, 4%, 0%, 0%, 6%, 0%, 3%, 0%, 3%, 1%, 6%, 1%, 27%, 2%, None of these 4% Other 0% No opinion 9%, 
76; 8%, 20%, 3%, 3%, 3%, 0%, 0%, 4%, 2%, 2%, 1%, 3%, 6%, 1%, 35%, Other 1% Undecided 10%, 
71; 8%, 29%, 3%, 10%, 3%, 0%, 0%, 3%, 0%, 3%, 0%, 2%, 11%, 0%, 23%, None 1% Other 1% Undecided 3%, 
48; 6%, 22%, 2%, 8%, 4%, —, 1%, 3%, &lt;1%, 3%, &lt;1%, 3%, 11%, 1%, 32%, Other 5%, 
113; 7%, 17%, 2%, 8%, 6%, 0%, 1%, 2%, 0%, 3%, 1%, 4%, 0%, 7%, 1%, 33%, 5%, Other 0% Undecided 4%, 
70; 5%, 26%, 2%, 10%, 4%, 0%, 0%, 2%, 0%, 2%, 0%, 2%, 9%, 0%, 26%, No Answer/Other 1% Undecided 8%, 
49; 6%, 14%, 3%, 8%, 3%, 0%, 0%, 3%, 1%, 2%, 0%, 5%, 11%, 1%, 37%, Wouldn't vote 6%, 
239; 8%, 16%, 5%, —, 3%, —, 9%, 6%, 7%, 12%, 5%, 4%, Undecided 25%, 
233b;  21%, 14%, 13%, —, 5%, —, 15%, —, 8%, 9%, —, 5%, Other/Not Sure 10%, 
110; 6%, 12%, 4%, 6%, 22%, 0%, 0%, 2%, 0%, 4%, 0%, 2%, 15%, 1%, 22%, 3%, , 
73; 9%, 27%, 3%, 5%, 4%, 0%, 1%, 2%, 1%, 4%, 1%, 3%, 6%, 0%, 29%, Wouldn't Vote 6%, 
238; 11%, 12%, 9%, —, 3%, 2%, 13%, —, 8%, 13%, —, 6%, Wouldn't vote 1% Don't know 22%, 
111; 8%, 14%, 6%, 5%, 2%, 0%, 0%, 7%, 1%, 2%, 0%, 2%, 3%, 1%, 35%, 4%, Wouldn't vote 8%, 
72; 6%, 23%, 1%, 6%, 3%, 0%, 0%, 1%, 2%, 1%, 0%, 2%, 11%, 1%, 28%, Wouldn't Vote/ Undecided 15%, 
237; 18%, 13%, 12%, —, —, —, 11%, —, 10%, 20%, —, —, Other 2% None/no-one 5% Undecided 9%, 
44; 8%, 15%, 2%, 12%, 2%, —, 2%, 2%, 4%, —, 3%, 14%, 1%, 37%, , 
236b;  18%, 17%, 11%, —, 5%, —, 13%, —, 8%, 9%, —, 7%, Other/Not Sure 11%, 
236; 14%, 13%, 8%, 16%, 5%, —, 11%, —, 8%, 8%, —, 6%, Other/Not Sure 10%, 
45; 6%, 10%, 3%, 12%, 4%, 0%, 1%, 2%, 4%, 0%, 4%, 14%, 0%, 36%, Undecided 3%, 
235; 10%, 10%, 8%, 14%, —, —, 13%, 8%, 9%, 9%, 4%, —, Other 8% None/No one 3% No opinion 4%, 
46; 6%, 15%, 3%, 7%, 2%, 1%, 1%, 3%, 3%, 0%, 4%, 10%, 1%, 39%, Wouldn't vote 6%, 
234; 8%, 13%, 5%, 13%, —, 1%, 9%, 2%, 12%, 9%, 2%, 7%, Sarah Palin 8% Undecided 12%, 
47; 5%, 18%, 3%, 14%, 3%, 0%, &lt;1%, 3%, 2%, 1%, 2%, 14%, 0%, 28%, Other 1% None of the above 1% Don't know 5%, 
233; 15%, 14%, 11%, 18%, 4%, —, 14%, —, 6%, 5%, —, 5%, Other/Not Sure 9%, 
79; 6%, 14%, 4%, 5%, 3%, —, 1%, 3%, 1%, 2%, 1%, 2%, 5%, 1%, 40%, Other 2% Undecided 12%, 
40; 3%, 15%, 2%, 13%, 3%, 0%, 0%, 2%, 2%, 0%, 2%, 14%, 0%, 27%, , 
232; 9%, 8%, 8%, 10%, —, —, 16%, 11%, 5%, 15%, 3%, —, Other 6% None/No one 4% No opinion 5%, 
78; 9%, 18%, 3%, 5%, 6%, 0%, 1%, 4%, 2%, 4%, 1%, 3%, 6%, 1%, 31%, Wouldn't vote 8%, 
41; 3%, 14%, 4%, 16%, 3%, 0%, 0%, 2%, 2%, 0%, 1%, 12%, 0%, 36%, Someone else 1% None 4% No opinion 2%, 
231; 11%, 9%, 9%, 13%, 3%, —, 13%, 1%, 6%, 6%, 3%, 5%, Other/Undecided 21%, 
118; 12%, 20%, 1%, 6%, 3%, —, 0%, 4%, —, 4%, —, 1%, 0%, 8%, —, 34%, 5%, Other 1% Undecided 2%, 
42; 5%, 16%, 2%, 16%, 3%, 0%, 0%, 1%, 2%, 0%, 2%, 17%, 0%, 27%, Wouldn't vote 1% DK/NA 8%, 
230; 13%, 12%, 4%, 13%, 4%, &lt;1%, 12%, 3%, 7%, 12%, 3%, 5%, Other/Undecided 14%, 
119; 9%, 19%, 2%, 7%, 3%, 0%, 1%, 5%, 1%, 2%, 0%, 3%, 0%, 3%, 1%, 32%, 5%, Other 3% No one 2% Undecided 2%, 
43; 6%, 9%, 4%, 11%, 3%, 3%, 0%, 3%, 3%, 2%, 2%, 10%, 0%, 37%, Wouldn't vote 6%, 
260; 13%, 13%, 11%, 4%, 1%, 10%, 3%, 22%, 15%, —, Other/Not Sure 8%, 
215; 11%, 8%, 8%, 5%, 5%, 2%, 2%, 6%, 2%, 19%, 2%, 5%, 1%, 5%, Rob Portman 0% Other 1% Wouldn't vote 1% Undecided 16%, 
181; 10%, 12%, 3%, 6%, 2%, 1%, 10%, 2%, 1%, 9%, 4%, 16%, 0%, 13%, Other 3% No preference 7%, 
123; 9%, 9%, 3%, 4%, 3%, —, 0%, 6%, 1%, 2%, 0%, 1%, 4%, 6%, 2%, 37%, 5%, Other 1% Undecided 8%, 
62; 8%, 24%, 2%, 8%, 3%, 0%, 0%, 3%, 1%, 4%, 1%, 5%, 12%, 1%, 23%, Undecided 4%, 
39; 11%, 17%, 2%, 11%, 2%, 0%, 0%, 2%, 1%, 0%, 4%, 7%, 0%, 36%, Wouldn't vote 6%, 
261; 14%, 14%, 15%, 3%, 2%, 5%, 2%, 21%, 16%, —, Other/Not Sure 7%, 
214; 9%, 10%, 8%, 5%, 7%, 1%, 2%, 6%, 4%, 20%, 3%, 6%, 2%, 5%, Mike Pence 1% Rob Portman 0% Other 6% None/No one 2% Undecided 3%, 
180; 10%, 8%, 6%, 8%, 2%, 1%, 9%, 0%, 3%, 1%, 11%, 2%, 10%, 4%, 4%, 11%, Other 0% None of these 2% Would not vote 1% No opinion 5%, 
122; 8%, 18%, 2%, 8%, 4%, 0%, 0%, 4%, 0%, 2%, 0%, 2%, 1%, 5%, 0%, 30%, 3%, Other 0% No one 2% Undecided 9%, 
63; 4%, 23%, 2%, 11%, 3%, 0%, 0%, 4%, 0%, 4%, 0%, 4%, 11%, 0%, 26%, None of the Above/Other 1% Undecided 5%, 
38; 4%, 10%, 2%, 17%, 1%, —, —, 1%, 2%, —, 2%, 16%, 1%, 27%, Other 1%, 
262; 12%, 14%, 11%, —, —, 7%, —, 18%, 12%, 4%, Condoleezza Rice 8% Sarah Palin 7% Other/Not Sure 7%, 
217; 10%, 6%, 8%, 3%, 10%, 1%, 1%, 9%, 5%, 21%, 6%, 5%, 4%, 1%, Other 1% None 2% No opinion 6%, 
215b;  14%, 9%, 11%, 5%, 7%, 3%, 2%, 8%, 3%, —, 3%, 7%, 2%, 6%, Rob Portman 1% Other 1% Wouldn't vote 1% Undecided 16%, 
183; 7%, 11%, 7%, 4%, 2%, 1%, 9%, 1%, 4%, 10%, 2%, 12%, 1%, 17%, Other 2% No preference 11%, 
60; 8%, 19%, 2%, 7%, 2%, —, 0%, 3%, 1%, 1%, 0%, 2%, 7%, 1%, 34%, Other 1% Undecided 11%, 
263; 17%, 21%, 17%, 3%, —, 4%, —, 10%, 7%, 12%, Other/Not Sure 10%, 
216; 18%, —, 15%, —, —, —, —, 13%, —, —, —, 20%, —, 20%, Other/Undecided 14%, 
182; 10%, 10%, 4%, 6%, 2%, 1%, 10%, 1%, 2%, 7%, 1%, 10%, —, 10%, Donald Trump 5% Wouldn't vote 1% DK/NA 20%, 
120; 9%, 18%, 4%, 5%, 3%, —, 1%, 4%, 1%, 2%, 0%, 2%, 3%, 4%, 1%, 31%, 4%, Undecided 9%, 
61; 10%, 19%, 3%, 8%, 5%, 0%, 1%, 3%, 1%, 2%, 1%, 2%, 10%, 0%, 29%, Wouldn't vote 5%, 
228; 14%, 10%, 6%, 13%, 1%, 2%, 14%, 6%, 7%, 11%, —, 5%, Other 1% None of these 4% No opinion 5%, 
211; 10%, 7%, 6%, 6%, 6%, 2%, 2%, 9%, 4%, 21%, 4%, 8%, 3%, 5%, Other 0% None 2% Wouldn't vote 0% No opinion 6%, 
185; 10%, 9%, 3%, 8%, 4%, 1%, 11%, 1%, 1%, 6%, 1%, 17%, 2%, 14%, Other 4% No preference 9%, 
127; 7%, 12%, 4%, 7%, 5%, 0%, 0%, 3%, 0%, 5%, 0%, 2%, 1%, 7%, 1%, 28%, 6%, Other 1% Don't know 11% Wouldn't vote 0%, 
66; 10%, 18%, 3%, 6%, 5%, 0%, 0%, 3%, 1%, 3%, 0%, 3%, 10%, 1%, 31%, Wouldn't Vote 6%, 
4; 5%, 12%, 5%, 20%, 3%, 0%, 1%, 3%, 3%, 13%, 0%, 33%, None 1% Undecided 1%, 
229; 14%, 15%, 7%, —, 2%, —, 14%, 5%, 8%, 9%, 5%, 5%, Other 1% None 6% Don't know 9%, 
210; 23%, 7%, 13%, 4%, 6%, 4%, 3%, 6%, 4%, —, 5%, 5%, 2%, 4%, Mike Pence 0% Rob Portman 0% Other 5% None/No one 5% No opinion 3%, 
184; 13%, 13%, 6%, 6%, 1%, 0%, 10%, 1%, 2%, 7%, 2%, 9%, 2%, 11%, Donald Trump 4% George Pataki 0% Other 1% None 3% Not sure 10%, 
126;  Hot Air/Townhall/ Survey Monkey [126], 959, ±%, , 8%, 8%, 2%, 3%, 5%, 0%, 1%, 2%, 1%, 5%, 1%, 3%, 1%, 5%, 1%, 24%, 1%, Undecided/Not sure 30.3%, 
67; 7%, 21%, 4%, 9%, 2%, —, 0%, 3%, 1%, 1%, 1%, 3%, 7%, 0%, 31%, Other 1% Undecided 10%, 
5; 10%, 11%, 4%, 14%, 3%, 0%, 3%, 2%, 3%, 6%, 1%, 38%, Wouldn't vote 5%, 
213; 14%, 8%, 9%, 4%, 9%, 1%, 2%, 5%, 4%, 19%, 3%, 3%, 3%, 3%, Carly Fiorina 1% Undecided 13%, 
187; 14%, 4%, 7%, 7%, 0%, 0%, 7%, 0%, 5%, 9%, 6%, 11%, 1%, 16%, Other 3% No preference 9%, 
169; 15%, 10%, 2%, 4%, 3%, 1%, 6%, 2%, 2%, 1%, 9%, 2%, 8%, 3%, 11%, 9%, Other 0% None of the above 3% Undecided 9%, 
125; 7%, 8%, 2%, 5%, 5%, 1%, 1%, 10%, 1%, 1%, 0%, 5%, 3%, 5%, 1%, 30%, 5%, Wouldn't vote 10%, 
64; 4%, 21%, 1%, 10%, 4%, 0%, 0%, 2%, 1%, 2%, 0%, 2%, 12%, 1%, 25%, Other 2% Undecided 13%, 
6; 5%, 6%, 4%, 20%, 3%, 0%, 3%, 3%, 3%, 11%, 2%, 36%, Other 2% Undecided 3%, 
212; 10%, 6%, 8%, 5%, 8%, 1%, 2%, 8%, 2%, 19%, 4%, 6%, 1%, 7%, None 2% Undecided 8%, 
186; 11%, 12%, 5%, 10%, —, —, 12%, —, —, 9%, 2%, 13%, —, 18%, Someone else Not sure 7%, 
168; 19%, 7%, 3%, 3%, 1%, 1%, 8%, 2%, 2%, 0%, 7%, 4%, 6%, 3%, 12%, 6%, Other 7% None of the above 6% Undecided 3%, 
124; 9%, 15%, 2%, 6%, 8%, 1%, 0%, 5%, 0%, 6%, 0%, 1%, 1%, 7%, 2%, 29%, 5%, Undecided 1%, 
65; 4%, 23%, 3%, 13%, 2%, —, —, 1%, —, 3%, —, 2%, 14%, 1%, 24%, Other 1% Undecided 9%, 
7; 5%, 12%, 4%, 10%, 1%, 0%, 2%, 2%, 3%, 9%, 0%, 42%, Other 2% Undecided 8%, 
224; 10%, 10%, 8%, 10%, 1%, 2%, 11%, 3%, 6%, 8%, 2%, 8%, Wouldn't vote 2% Don't know 20%, 
189; 9%, 5%, 5%, 7%, 2%, 2%, 6%, 2%, 2%, 8%, 2%, 17%, 1%, 19%, Other 2% No preference 9%, 
167; 14%, 9%, 3%, 4%, 6%, 2%, 6%, 3%, 2%, 0%, 11%, 2%, 10%, 1%, 11%, 12%, Other 1% No preference 5%, 
31; 5%, 13%, 4%, 11%, 2%, 0%, 2%, 2%, 2%, 1%, 1%, 12%, 1%, 37%, Wouldn't vote 6%, 
8; 6%, 6%, 3%, 19%, 3%, 0%, 4%, 2%, 1%, 12%, 0%, 36%, Undecided 7%, 
225; 16%, 11%, 8%, 6%, 1%, 2%, 3%, 5%, 4%, 6%, 2%, 2%, Ben Carson 6% Peter T. King 3% John R. Bolton 1% Rob Portman 1% Other 2% Don't know/Not sure 19%, 
188; 23%, 7%, 5%, 11%, 1%, —, 5%, —, —, 11%, 2%, 18%, —, 14%, Other 0% None 0% Not sure 3%, 
166; 16%, 9%, 5%, 6%, 2%, 1%, 6%, 4%, 0%, 2%, 8%, 4%, 6%, 1%, 15%, 7%, Wouldn't vote 9%, 
30; 7%, 11%, 3%, 22%, 5%, —, —, 3%, 2%, —, 2%, 15%, —, 27%, Other 0% None 0% Not Sure3%, 
9; 6%, 5%, 3%, 20%, 4%, 0%, 2%, 4%, 2%, 11%, 0%, 41%, Don't know 5%, 
226; 12%, 8%, 9%, 11%, —, —, 14%, 6%, 8%, 10%, 4%, 5%, Other 6% None/No one 2% No opinion 5%, 
165; 11%, 7%, 6%, 4%, 3%, 0%, 9%, 2%, 2%, 0%, 11%, 3%, 9%, 2%, 15%, 9%, Other 0% No preference 5%, 
129; 10%, 9%, 4%, 4%, 5%, —, 1%, 7%, 2%, 2%, 0%, 5%, 4%, 4%, 1%, 29%, 9%, Wouldn't vote: 5%, 
68; 7%, 17%, 2%, 7%, 2%, 0%, 1%, 2%, 1%, 1%, 0%, 4%, 10%, 1%, 30%, None of the Above/Other 1% Undecided 11%, 
33; 6%, 9%, 4%, 16%, 3%, —, 1%, 2%, 3%, —, 2%, 11%, 1%, 42%, , 
227; 13%, 9%, 7%, 10%, —, —, 13%, 8%, 6%, 12%, 2%, 7%, Other 4% None/No one 4% No opinion 7%, 
164; 16%, 9%, 8%, 7%, 1%, 2%, 6%, 2%, 2%, 1%, 7%, 4%, 4%, 0%, 14%, 10%, Wouldn't vote 8%, 
128; 10%, 13%, 1%, 7%, 5%, —, 1%, 4%, 1%, 5%, 1%, 2%, 2%, 5%, 1%, 40%, 4%, , 
69; 4%, 23%, 3%, 8%, 6%, —, 1%, 1%, 0%, 2%, 0%, 4%, 15%, 0%, 33%, , 
32; 5%, 8%, 4%, 13%, 2%, 0%, 1%, 3%, 2%, 0%, 4%, 18%, 1%, 35%, Other 1% No Preference 2%, 
220; 13%, 13%, 10%, —, 2%, —, 7%, 7%, 9%, 9%, 3%, 4%, Undecided 23%, 
219; 10%, —, 9%, 5%, 9%, —, —, 15%, 5%, 15%, 3%, 5%, 1%, 2%, Susana Martinez 0% Nikki Haley 0% Rob Portman 0% Not sure 19%, 
163; 15%, 6%, 2%, 9%, 1%, 0%, 7%, 2%, 1%, 0%, 6%, 2%, 6%, 2%, 13%, 7%, Jim Gilmore 0% Other 0% No one 1% Undecided 18%, 
35; 7%, 13%, 4%, 8%, 3%, —, —, 1%, 1%, 1%, 1%, 12%, —, 38%, Not sure 10% Someone else 2%, 
221; 12%, 10%, 9%, —, 4%, 2%, 11%, 12%, 9%, 9%, 3%, 4%, Other 2% None 4% Don't know 6%, 
218; 15%, —, 12%, 4%, —, 4%, —, 13%, 7%, —, 6%, 13%, 3%, 3%, Undecided 21%, 
162; 14%, 4%, 3%, 6%, 1%, 0%, 4%, 1%, 1%, 0%, 4%, 1%, 5%, 1%, 17%, 8%, Other 1% Undecided 30%, 
34; 3%, 13%, 3%, 16%, 1%, 0%, 0%, 3%, 3%, 0%, 4%, 9%, 0%, 35%, Someone Else 0% None of Them 2% Don't Know/No Answer 7%, 
222; 8%, 13%, 8%, 12%, —, —, 12%, 11%, 6%, 11%, 3%, 5%, Other 6% None/No one 2% No opinion 3%, 
211b;  14%, 8%, 7%, 8%, 7%, 3%, 2%, 10%, 5%, —, 7%, 11%, 3%, 7%, Other 0% None 2% Wouldn't vote 0% No opinion 6%, 
161; 13%, 7%, 7%, 4%, 1%, 2%, 8%, 4%, 2%, 2%, 5%, 3%, 5%, 0%, 22%, 7%, Wouldn't vote 8%, 
37; 10%, 16%, 3%, 10%, 2%, —, —, 1%, 2%, —, 4%, 12%, 0%, 24%, Other 3% Don't Know/Refused 14%, 
223; 13%, 13%, —, —, 4%, 1%, 20%, —, 7%, —, —, 8%, Nikki Haley 1% Susana Martinez 1%, 
160; 14%, 6%, 3%, 4%, 1%, 0%, 4%, 0%, 2%, 0%, 8%, 1%, 7%, 2%, 18%, 15%, Other 1% None of the above 4% Don't know 9%, 
36; 5%, 12%, 3%, 7%, 2%, 1%, 1%, 3%, 2%, 1%, 2%, 10%, 0%, 41%, Don't know 9% Someone else 1%, 
