 February 10–11, 2016
 February 8–14, 2016
 February 6–10, 2016
 February 3–7, 2016
 February 3–4, 2016
 February 2–4, 2016
 February 1–7, 2016
 February 2–3, 2016
 February 2–3, 2016
 January 30 – February 3, 2016
 January 29 – February 1, 2016
 January 25–31, 2016
 January 27–30, 2016
 January 22–27, 2016
 January 22–26, 2016
 January 21–24, 2016
 January 21–24, 2016
 January 21–24, 2016
 January 20–24, 2016
 January 18–24, 2016
 January 18–21, 2016
 January 19–20, 2016
 January 16–20, 2016
 January 15–19, 2016
 January 15–18, 2016
 January 14–17, 2016
 January 11–17, 2016
 January 14, 2016
 January 9–13, 2016
 January 9–13, 2016
 January 9–11, 2016
 January 10, 2016
 January 8–10, 2016
 January 7–10, 2016
 January 4–10, 2016
 January 4–8, 2016
 January 4–7, 2016
 January 2–6, 2016
 December 31, 2015 – January 6
 December 26, 2015 – January 3
 December 26–30, 2015
 December 18–27, 2015
 December 19–23, 2015
 December 18–21, 2015
 December 17–21, 2015
 December 17–20, 2015
 December 16–20, 2015
 December 16–17, 2015
 December 16–17, 2015
 December 16–17, 2015
 December 12–16, 2015
 December 11–15, 2015
 December 10–13, 2015
 December 10–13, 2015
 December 6–9, 2015
 December 5–9, 2015
 December 4–9, 2015
 December 7–8, 2015
 December 4–8, 2015
 December 7, 2015
 December 3–7, 2015
 December 2–6, 2015
 December 2–6, 2015
 November 30 – December 4, 2015
 November 30 – December 4, 2015
 November 28 – December 2, 2015
 November 27 – December 1, 2015
 November 23–30, 2015
 November 21–25, 2015
 November 23, 2015
 November 19–23, 2015
 November 20, 2015
 November 16–19, 2015
 November 16–19, 2015
 November 14–18, 2015
 November 16–17, 2015
 November 15–17, 2015
 November 15–17, 2015
 November 13–16, 2015
 November 13, 2015
 November 5–13, 2015
 November 11–12, 2015
 November 7–11, 2015
 November 6–10, 2015
 November 5–9, 2015
 November 5–8, 2015
 October 31 – November 4, 2015
 October 29 – November 4, 2015
 November 1–3, 2015
 October 29 – November 3, 2015
 October 29 – November 2, 2015
 October 28 – November 2, 2015
 October 29 – November 1, 2015
 October 30–31, 2015
 October 29, 2015
 October 27–29, 2015
 October 25–29, 2015
 October 24–29, 2015
 October 24–28, 2015
 October 23–27, 2015
 October 26, 2015
 October 22–25, 2015
 October 21–25, 2015
 October 17–21, 2015
 October 15–19, 2015
 October 15–18, 2015
 October 15–18, 2015
 October 16–17, 2015
 October 15–18, 2015
 October 14–17, 2015
 October 13–15, 2015
 October 10–14, 2015
 October 10–12, 2015
 October 8–12, 2015
 October 8–12, 2015
 October 4–8, 2015
 October 3–7, 2015
 October 2–5, 2015
 October 1–5, 2015
 October 1–4, 2015
 September 30 – October 1, 2015
 September 26 – October 1, 2015
 September 26–30, 2015
 September 24–28, 2015
 September 24–27, 2015
 September 20–24, 2015
 September 19–23, 2015
 September 20–22, 2015
 September 17–21, 2015
 September 18–21, 2015
 September 18–19, 2015
 September 17–19, 2015
 September 16–18, 2015
 September 18, 2015
 September 17, 2015
 September 12–16, 2015
 September 11–15, 2015
 September 11–13, 2015
 September 9–13, 2015
 September 7–10, 2015
 September 5–9, 2015
 September 5–8, 2015
 September 4–8, 2015
 September 4–7, 2015
 August 31 – September 2, 2015
 August 28–30, 2015
 August 28–30, 2015
 August 22–26, 2015
 August 22–26, 2015
 August 20–25, 2015
 August 21–22, 2015
 August 15–19, 2015
 August 10–19, 2015
 August 14–18, 2015
 August 14–16, 2015
 August 13–16, 2015
 August 11–13, 2015
 August 8–12, 2015
 August 9–10, 2015
 August 6–10, 2015
 August 7–9, 2015
 August 7–8, 2015
 August 1–5, 2015
 August 3–4, 2015
 July 31 – August 4, 2015
 July 31 – August 3, 2015
 July 30 – August 2, 2015
 July 30 – August 2, 2015
 July 30 – August 2, 2015
 July 29 – August 2, 2015
 July 26–30, 2015
 July 29, 2015
 July 28–29 2015
 July 25–29, 2015
 July 26–28 2015
 July 23–28 2015
 July 22–25 2015
 July 18–22, 2015
 July 20–21, 2015
 July 18–20, 2015
 July 18–20, 2015
 July 16–19, 2015
 July 13–15, 2015
 July 11–15, 2015
 July 9–12, 2015
 July 9–12, 2015
 July 4–8, 2015
 July 4–6, 2015
 June 27 – July 1, 2015
 June 27–29, 2015
 June 26–28, 2015
 June 21–23, 2015
 June 20–22, 2015
 June 14–18, 2015
 June 13–15, 2015
 June 11–14, 2015
 June 11–14, 2015
 June 6–10, 2015
 June 6–8, 2015
 May 31 – June 2 2015
 May 30 – June 1, 2015
 May 29–31, 2015
 May 28–31, 2015
 May 23–25, 2015
 May 19–26, 2015
 May 16–18, 2015
 May 9–12, 2015
 May 9–11, 2015
 May 7–10, 2015
 May 2–4, 2015
 April 26–30, 2015
 April 25–27, 2015
 April 19–21, 2015
 April 16–21, 2015
 April 18–20, 2015
 April 16–19, 2015
 April 11–13, 2015
 March 30 – April 2, 2015
 March 29–31, 2015
 March 26–31, 2015
 March 26–31, 2015
 March 21–23, 2015
 March 13–15, 2015
 March 1–4, 2015
 February 22 – March 2, 2015
 February 21–23, 2015
 February 20–22, 2015
 February 12–15, 2015
 January 25–27, 2015
 January 22–25, 2015
 January 18–19, 2015
 January 10–12, 2015
 December 18–21, 2014
 December 11–14, 2014
 December 11–14, 2014
 December 7–9, 2014
 December 3–9, 2014
 December 3–9, 2014
 November 21–23, 2014
 November 21–23, 2014
 November 18–23, 2014
 November 18–23, 2014
 November 20–21, 2014
 October 9–12, 2014
 October 9–12, 2014
 September 24–29, 2014
 September 3–4, 2014
 August 4–7, 2014
 July 20–22, 2014
 July 18–20, 2014
 June 27–29, 2014
 June 24–30, 2014
 May 28 – June 4, 2014
 May 29 – June 1, 2014
 May 2–4, 2014
 April 25–27, 2014
 April 13–15, 2014
 April 7–10, 2014
 March 18–20, 2014
 March 7–9, 2014
 March 6–9, 2014
 March 6–9, 2014
 February 4–9, 2014
 February 4–9, 2014
 January 31 – February 2, 2014
 January 23–26, 2014
 January 23–26, 2014
 January 20–23, 2014
 January 15–19, 2014
 January 12–14, 2014
 December 14–16, 2013
 December 12–15, 2013
 December 12–15, 2013
 December 9–15, 2013
 December 3–9, 2013
 December 3–5, 2013
 November 18–20, 2013
 November 7–10, 2013
 November 7–8, 2013
 October 29–31, 2013
 October 29–31, 2013
 September 23–29, 2013
 September 23–29, 2013
 September 25–26, 2013
 September 6–8, 2013
 August 1–2, 2013
 July 19– 21, 2013
 July 15– 18, 2013
 May 6– 9, 2013
 April 22– 28, 2013
 March 26– April 1, 2013
 March 27– 30, 2013
 January 31 – February 3, 2013
 January 3–6, 2013
 November 30 – December 2, 2012
 April 12–15, 2012
